Genre,Film Link
action,/film/everything-everywhere-all-at-once/
action,/film/spider-man-into-the-spider-verse/
action,/film/the-dark-knight/
action,/film/inception/
action,/film/spider-man-across-the-spider-verse/
action,/film/spider-man-no-way-home/
action,/film/avengers-infinity-war/
action,/film/baby-driver/
action,/film/avengers-endgame/
action,/film/kill-bill-vol-1/
action,/film/scott-pilgrim-vs-the-world/
action,/film/the-matrix/
action,/film/guardians-of-the-galaxy/
action,/film/black-panther/
action,/film/the-lord-of-the-rings-the-fellowship-of-the-ring/
action,/film/mad-max-fury-road/
action,/film/star-wars/
action,/film/avatar-the-way-of-water/
action,/film/guardians-of-the-galaxy-vol-3/
action,/film/spider-man-homecoming/
action,/film/top-gun-maverick/
action,/film/deadpool/
action,/film/thor-ragnarok/
action,/film/bullet-train/
action,/film/1917/
action,/film/avatar/
action,/film/doctor-strange-in-the-multiverse-of-madness/
action,/film/spider-man-far-from-home/
action,/film/the-avengers-2012/
action,/film/dunkirk-2017/
action,/film/the-empire-strikes-back/
action,/film/spider-man/
action,/film/tenet/
action,/film/the-lord-of-the-rings-the-return-of-the-king/
action,/film/the-incredibles/
action,/film/guardians-of-the-galaxy-vol-2/
action,/film/iron-man-2008/
action,/film/the-hunger-games-the-ballad-of-songbirds-snakes/
action,/film/the-lord-of-the-rings-the-two-towers/
action,/film/captain-america-civil-war/
action,/film/the-dark-knight-rises/
action,/film/doctor-strange-2016/
action,/film/spider-man-2/
action,/film/oldboy/
action,/film/john-wick/
action,/film/the-hunger-games-catching-fire/
action,/film/batman-begins/
action,/film/star-wars-the-force-awakens/
action,/film/captain-america-the-winter-soldier/
action,/film/star-wars-episode-iii-revenge-of-the-sith/
action,/film/return-of-the-jedi/
action,/film/avengers-age-of-ultron/
action,/film/thor-love-and-thunder/
action,/film/the-suicide-squad/
action,/film/star-wars-the-last-jedi/
action,/film/star-wars-episode-i-the-phantom-menace/
action,/film/scarface-1983/
action,/film/leon-the-professional/
action,/film/black-widow-2021/
action,/film/shang-chi-and-the-legend-of-the-ten-rings/
action,/film/captain-marvel/
action,/film/kill-bill-vol-2/
action,/film/pirates-of-the-caribbean-the-curse-of-the-black-pearl/
action,/film/rogue-one-a-star-wars-story/
action,/film/the-nice-guys/
action,/film/the-amazing-spider-man/
action,/film/logan-2017/
action,/film/ant-man/
action,/film/captain-america-the-first-avenger/
action,/film/black-panther-wakanda-forever/
action,/film/deadpool-2/
action,/film/raiders-of-the-lost-ark/
action,/film/star-wars-the-rise-of-skywalker/
action,/film/star-wars-episode-ii-attack-of-the-clones/
action,/film/gladiator-2000/
action,/film/incredibles-2/
action,/film/the-northman/
action,/film/iron-man-3/
action,/film/suicide-squad-2016/
action,/film/spider-man-3/
action,/film/iron-man-2/
action,/film/thor/
action,/film/big-hero-6/
action,/film/die-hard/
action,/film/kingsman-the-secret-service/
action,/film/eternals/
action,/film/john-wick-chapter-4/
action,/film/all-quiet-on-the-western-front-2022/
action,/film/godzilla-minus-one/
action,/film/civil-war-2024/
action,/film/kung-fu-panda/
action,/film/the-hunger-games-mockingjay-part-2/
action,/film/train-to-busan/
action,/film/heat-1995/
action,/film/wonder-woman-2017/
action,/film/venom-2018/
action,/film/the-amazing-spider-man-2/
action,/film/furiosa-a-mad-max-saga/
action,/film/fallen-angels/
action,/film/ant-man-and-the-wasp/
action,/film/top-gun/
action,/film/john-wick-chapter-2/
action,/film/ready-player-one/
action,/film/birds-of-prey-and-the-fantabulous-emancipation-of-one-harley-quinn/
action,/film/thor-the-dark-world/
action,/film/akira/
action,/film/the-fall-guy-2024/
action,/film/ford-v-ferrari/
action,/film/ant-man-and-the-wasp-quantumania/
action,/film/john-wick-chapter-3-parabellum/
action,/film/21-jump-street/
action,/film/hot-fuzz/
action,/film/snowpiercer/
action,/film/v-for-vendetta/
action,/film/children-of-men/
action,/film/sicario-2015/
action,/film/no-time-to-die-2021/
action,/film/mission-impossible-dead-reckoning-part-one/
action,/film/brave-2012/
action,/film/jurassic-world/
action,/film/rise-of-the-planet-of-the-apes/
action,/film/skyfall/
action,/film/oceans-eight/
action,/film/the-terminator/
action,/film/terminator-2-judgment-day/
action,/film/monkey-man/
action,/film/pirates-of-the-caribbean-dead-mans-chest/
action,/film/mr-mrs-smith-2005/
action,/film/the-maze-runner/
action,/film/casino-royale-2006/
action,/film/aliens/
action,/film/the-hobbit-an-unexpected-journey/
action,/film/indiana-jones-and-the-last-crusade/
action,/film/dawn-of-the-planet-of-the-apes/
action,/film/megamind/
action,/film/x-men-days-of-future-past/
action,/film/batman-v-superman-dawn-of-justice/
action,/film/solo-a-star-wars-story/
action,/film/men-in-black/
action,/film/the-lego-batman-movie/
action,/film/seven-samurai/
action,/film/aquaman-2018/
action,/film/nobody-2021/
action,/film/shazam/
action,/film/teenage-mutant-ninja-turtles-mutant-mayhem/
action,/film/indiana-jones-and-the-temple-of-doom/
action,/film/venom-let-there-be-carnage/
action,/film/mission-impossible-fallout/
action,/film/indiana-jones-and-the-dial-of-destiny/
action,/film/edge-of-tomorrow/
action,/film/kick-ass/
action,/film/man-of-steel/
action,/film/the-flash/
action,/film/night-at-the-museum/
action,/film/x-men-first-class/
action,/film/pirates-of-the-caribbean-at-worlds-end/
action,/film/world-war-z/
action,/film/the-hobbit-the-desolation-of-smaug/
action,/film/mission-impossible/
action,/film/the-unbearable-weight-of-massive-talent/
action,/film/zack-snyders-justice-league/
action,/film/godzilla-vs-kong/
action,/film/prey-2022/
action,/film/uncharted-2022/
action,/film/creed/
action,/film/the-creator-2023/
action,/film/the-gentlemen/
action,/film/the-incredible-hulk/
action,/film/the-matrix-reloaded/
action,/film/the-hobbit-the-battle-of-the-five-armies-extended-version/
action,/film/the-matrix-resurrections/
action,/film/watchmen/
action,/film/wonder-woman-1984/
action,/film/kingsman-the-golden-circle/
action,/film/castle-in-the-sky/
action,/film/batman-1989/
action,/film/x-men/
action,/film/how-to-train-your-dragon-2/
action,/film/neon-genesis-evangelion-the-end-of-evangelion/
action,/film/the-mummy-1999/
action,/film/this-is-the-end/
action,/film/lucy-2014/
action,/film/fury-2014/
action,/film/22-jump-street/
action,/film/rrr/
action,/film/tropic-thunder/
action,/film/justice-league/
action,/film/divergent/
action,/film/madame-web/
action,/film/kingdom-of-the-planet-of-the-apes/
action,/film/pacific-rim/
action,/film/the-fast-and-the-furious-2001/
action,/film/minority-report/
action,/film/jurassic-world-fallen-kingdom/
action,/film/the-marvels/
action,/film/raya-and-the-last-dragon/
action,/film/jurassic-world-dominion/
action,/film/kong-skull-island/
action,/film/death-proof/
action,/film/x-men-apocalypse/
action,/film/maleficent/
action,/film/pokemon-detective-pikachu/
action,/film/the-fifth-element/
action,/film/transformers/
action,/film/spectre-2015/
action,/film/the-gray-man-2022/
action,/film/predator/
action,/film/indiana-jones-and-the-kingdom-of-the-crystal-skull/
action,/film/sherlock-holmes-2009/
action,/film/black-adam/
action,/film/looper/
action,/film/mission-impossible-rogue-nation/
action,/film/ghost-in-the-shell/
action,/film/batman-returns/
action,/film/mission-impossible-ghost-protocol/
action,/film/the-last-duel-2021/
action,/film/the-matrix-revolutions/
action,/film/harakiri/
action,/film/300/
action,/film/mandy-2018/
action,/film/braveheart/
action,/film/godzilla-kong-the-new-empire/
action,/film/godzilla-2014/
action,/film/x2/
action,/film/training-day/
action,/film/creed-iii/
action,/film/pirates-of-the-caribbean-on-stranger-tides/
action,/film/morbius/
action,/film/the-worlds-end/
action,/film/robocop/
action,/film/the-lost-world-jurassic-park/
action,/film/sonic-the-hedgehog/
action,/film/battle-royale/
action,/film/american-sniper/
action,/film/blue-beetle/
action,/film/road-house-2024/
action,/film/the-interview-2014/
action,/film/pirates-of-the-caribbean-dead-men-tell-no-tales/
action,/film/now-you-see-me-2/
action,/film/the-wolverine/
action,/film/the-fast-and-the-furious-tokyo-drift/
action,/film/shark-tale/
action,/film/godzilla-king-of-the-monsters-2019/
action,/film/cloverfield/
action,/film/damsel-2024/
action,/film/the-bourne-identity-2002/
action,/film/they-live/
action,/film/sin-city/
action,/film/speed/
action,/film/mission-impossible-iii/
action,/film/x-men-origins-wolverine/
action,/film/x-men-the-last-stand/
action,/film/independence-day/
action,/film/the-karate-kid/
action,/film/alita-battle-angel/
action,/film/point-break/
action,/film/red-notice/
action,/film/ran/
action,/film/kung-fu-panda-4/
action,/film/rush-hour/
action,/film/mission-impossible-ii/
action,/film/kung-fu-panda-3/
action,/film/mad-max/
action,/film/the-lost-city-2022/
action,/film/from-dusk-till-dawn/
action,/film/the-kings-man/
action,/film/the-meg/
action,/film/dune/
action,/film/king-kong-2005/
action,/film/platoon/
action,/film/quantum-of-solace/
action,/film/dark-phoenix/
action,/film/2-fast-2-furious/
action,/film/taken/
action,/film/in-time/
action,/film/miss-congeniality/
action,/film/argylle/
action,/film/maze-runner-the-scorch-trials/
action,/film/total-recall/
action,/film/creed-ii/
action,/film/gran-turismo/
action,/film/true-romance/
action,/film/constantine/
action,/film/fantastic-four-2005/
action,/film/blade/
action,/film/national-treasure/
action,/film/starship-troopers/
action,/film/fast-five/
action,/film/crouching-tiger-hidden-dragon/
action,/film/murder-mystery/
action,/film/furious-7/
action,/film/fast-x/
action,/film/fall-2022/
action,/film/captain-phillips/
action,/film/atomic-blonde/
action,/film/pineapple-express/
action,/film/tron-legacy/
action,/film/the-man-from-uncle/
action,/film/violent-night/
action,/film/rush-2013/
action,/film/logan-lucky/
action,/film/upgrade/
action,/film/maze-runner-the-death-cure/
action,/film/troy/
action,/film/star-trek/
action,/film/charlies-angels/
action,/film/the-raid-2011/
action,/film/men-in-black-ii/
action,/film/love-and-monsters/
action,/film/shazam-fury-of-the-gods/
action,/film/2012/
action,/film/face-off/
action,/film/jurassic-park-iii/
action,/film/army-of-the-dead-2021/
action,/film/werewolf-by-night/
action,/film/men-in-black-3/
action,/film/escape-from-new-york/
action,/film/sonic-the-hedgehog-2/
action,/film/the-other-guys/
action,/film/bumblebee/
action,/film/sherlock-holmes-a-game-of-shadows/
action,/film/alien-3/
action,/film/i-robot/
action,/film/the-crow/
action,/film/the-blues-brothers/
action,/film/mad-max-2/
action,/film/f9/
action,/film/the-day-after-tomorrow/
action,/film/rise-of-the-guardians/
action,/film/batman-robin/
action,/film/ghostbusters-2016/
action,/film/transformers-rise-of-the-beasts/
action,/film/run-lola-run/
action,/film/the-karate-kid-2010/
action,/film/batman-forever/
action,/film/the-assassination-of-jesse-james-by-the-coward-robert-ford/
action,/film/transformers-revenge-of-the-fallen/
action,/film/blood-diamond/
action,/film/spy-kids/
action,/film/fast-furious-6/
action,/film/mortal-kombat-2021/
action,/film/aquaman-and-the-lost-kingdom/
action,/film/extraction-2020/
action,/film/hellboy/
action,/film/mulan-2020/
action,/film/thief/
action,/film/the-croods/
action,/film/first-blood/
action,/film/the-woman-king/
action,/film/planet-of-the-apes/
action,/film/fast-furious/
action,/film/the-french-connection/
action,/film/the-equalizer/
action,/film/meg-2-the-trench/
action,/film/shin-godzilla-orthochromatic/
action,/film/the-fugitive-1993/
action,/film/the-bourne-ultimatum/
action,/film/hancock/
action,/film/jungle-cruise/
action,/film/despicable-me-3/
action,/film/chappie/
action,/film/central-intelligence/
action,/film/ghost-in-the-shell-2017/
action,/film/love-exposure/
action,/film/tombstone/
action,/film/man-on-fire-2004/
action,/film/true-lies/
action,/film/kung-fu-hustle/
action,/film/dr-no/
action,/film/men-in-black-international/
action,/film/fantastic-four/
action,/film/the-tomorrow-war/
action,/film/batman-mask-of-the-phantasm/
action,/film/the-last-of-the-mohicans-1992/
action,/film/hulk/
action,/film/what-happened-to-monday/
action,/film/mad-max-beyond-thunderdome/
action,/film/goldeneye/
action,/film/rush-hour-2/
action,/film/the-abyss/
action,/film/ben-hur-1959/
action,/film/bad-boys-for-life/
action,/film/blade-ii/
action,/film/sherlock-jr/
action,/film/wrath-of-man/
action,/film/the-hitmans-bodyguard/
action,/film/9/
action,/film/willys-wonderland/
action,/film/demon-slayer-kimetsu-no-yaiba-the-movie-mugen-train/
action,/film/existenz/
action,/film/bad-boys-ii/
action,/film/hellboy-ii-the-golden-army/
action,/film/6-underground/
action,/film/the-rock/
action,/film/cool-hand-luke/
action,/film/allegiant/
action,/film/jack-reacher/
action,/film/moonfall/
action,/film/terminator-3-rise-of-the-machines/
action,/film/van-helsing/
action,/film/terminator-dark-fate/
action,/film/attack-the-block/
action,/film/get-smart/
action,/film/enter-the-dragon/
action,/film/san-andreas/
action,/film/triple-frontier/
action,/film/miami-vice/
action,/film/the-purge-election-year/
action,/film/national-treasure-book-of-secrets/
action,/film/road-house/
action,/film/police-story/
action,/film/pearl-harbor/
action,/film/transformers-the-last-knight/
action,/film/munich/
action,/film/the-magnificent-seven-2016/
action,/film/paul-blart-mall-cop/
action,/film/daredevil/
action,/film/the-equalizer-3/
action,/film/from-russia-with-love/
action,/film/the-general/
action,/film/planet-terror/
action,/film/the-italian-job-2003/
action,/film/the-raid-2/
action,/film/under-paris/
action,/film/guns-akimbo/
action,/film/revenge-2017/
action,/film/the-cloverfield-paradox/
action,/film/charlies-angels-2019/
action,/film/bad-boys-ride-or-die/
action,/film/the-mummy-2017/
action,/film/the-book-of-eli/
action,/film/avp-alien-vs-predator/
action,/film/you-dont-mess-with-the-zohan/
action,/film/the-equalizer-2/
action,/film/the-expendables/
action,/film/pain-gain/
action,/film/the-hunt-for-red-october/
action,/film/duel/
action,/film/king-arthur-legend-of-the-sword/
action,/film/hero-2002/
action,/film/the-predator/
action,/film/rampage-2018/
action,/film/star-wars-the-clone-wars/
action,/film/spy-kids-3-d-game-over/
action,/film/hard-boiled/
action,/film/evangelion-3010-thrice-upon-a-time/
action,/film/the-boondock-saints/
action,/film/the-guest-2014/
action,/film/alive-2020/
action,/film/the-lion-king-ii-simbas-pride/
action,/film/jason-bourne/
action,/film/equilibrium/
action,/film/teenage-mutant-ninja-turtles-2014/
action,/film/jumper/
action,/film/sicario-day-of-the-soldado/
action,/film/sound-of-freedom/
action,/film/crank/
action,/film/a-taxi-driver/
action,/film/spy-kids-2-the-island-of-lost-dreams/
action,/film/lara-croft-tomb-raider/
action,/film/assault-on-precinct-13/
action,/film/bright/
action,/film/the-mask-of-zorro/
action,/film/the-ministry-of-ungentlemanly-warfare/
action,/film/midnight-run/
action,/film/infernal-affairs/
action,/film/terminator-genisys/
action,/film/team-america-world-police/
action,/film/salt-2010/
action,/film/hanna/
action,/film/tron/
action,/film/jupiter-ascending/
action,/film/journey-to-the-center-of-the-earth-2008/
action,/film/predator-2/
action,/film/terminator-salvation/
action,/film/pacific-rim-uprising/
action,/film/enders-game/
action,/film/planet-of-the-apes-2001/
action,/film/lady-snowblood/
action,/film/despicable-me-4/
action,/film/elite-squad/
action,/film/free-fire/
action,/film/the-first-purge/
action,/film/the-heat/
action,/film/assassins-creed/
action,/film/to-live-and-die-in-la/
action,/film/prince-of-persia-the-sands-of-time/
action,/film/operation-fortune-ruse-de-guerre/
action,/film/superman-returns/
action,/film/red-2010/
action,/film/greenland/
action,/film/migration-2023/
action,/film/power-rangers/
action,/film/godzilla-1998/
action,/film/ghosted-2023/
action,/film/gemini-man-2019/
action,/film/predators/
action,/film/the-lone-ranger/
action,/film/knowing/
action,/film/last-action-hero/
action,/film/el-topo/
action,/film/ip-man/
action,/film/polite-society/
action,/film/rush-hour-3/
action,/film/die-another-day/
action,/film/clash-of-the-titans-2010/
action,/film/demolition-man/
action,/film/teenage-mutant-ninja-turtles/
action,/film/the-tourist/
action,/film/legends-of-the-fall/
action,/film/the-pacifier/
action,/film/deja-vu/
action,/film/underworld-2003/
action,/film/inferno-2016/
action,/film/tomorrow-never-dies/
action,/film/shaolin-soccer/
action,/film/air-force-one/
action,/film/batman-under-the-red-hood/
action,/film/knight-and-day/
action,/film/jackass-number-two/
action,/film/after-earth/
action,/film/live-free-or-die-hard/
action,/film/the-quick-and-the-dead-1995/
action,/film/charlies-angels-full-throttle/
action,/film/warcraft/
action,/film/cowboys-aliens/
action,/film/the-patriot-2000/
action,/film/joint-security-area/
action,/film/day-shift-2022/
action,/film/batman-the-killing-joke-2016/
action,/film/deepwater-horizon/
action,/film/commando/
action,/film/desperado/
action,/film/the-grey/
action,/film/brawl-in-cell-block-99/
action,/film/olympus-has-fallen/
action,/film/skyscraper-2018/
action,/film/the-running-man/
action,/film/hellboy-2019/
action,/film/taken-2/
action,/film/resident-evil-apocalypse/
action,/film/the-forever-purge/
action,/film/the-hidden-fortress/
action,/film/john-carter/
action,/film/the-bourne-legacy/
action,/film/deadpool-wolverine/
action,/film/cowboy-bebop-the-movie/
action,/film/evangelion-10-you-are-not-alone/
action,/film/plane-2023/
action,/film/the-expendables-2/
action,/film/conan-the-barbarian/
action,/film/riders-of-justice/
action,/film/gangster-squad/
action,/film/the-island-2005/
action,/film/dc-league-of-super-pets/
action,/film/grindhouse/
action,/film/those-who-wish-me-dead/
action,/film/lone-survivor/
action,/film/highlander/
action,/film/thunderball/
action,/film/darkman/
action,/film/independence-day-resurgence/
action,/film/black-dynamite/
action,/film/pusher/
action,/film/hundreds-of-beavers/
action,/film/non-stop-2014/
action,/film/white-house-down/
action,/film/star-trek-ii-the-wrath-of-khan/
action,/film/in-the-heart-of-the-sea/
action,/film/hardcore-henry/
action,/film/date-night/
action,/film/allied/
action,/film/robin-hood-2010/
action,/film/evangelion-20-you-can-not-advance/
action,/film/jackass-3d/
action,/film/ronin/
action,/film/zoolander-2/
action,/film/robocop-2014/
action,/film/the-legend-of-tarzan/
action,/film/the-world-is-not-enough/
action,/film/deep-blue-sea/
action,/film/catwoman/
action,/film/the-killer/
action,/film/on-her-majestys-secret-service/
action,/film/gunpowder-milkshake/
action,/film/bullitt/
action,/film/athena-2022-1/
action,/film/you-only-live-twice/
action,/film/blade-trinity/
action,/film/gone-in-sixty-seconds/
action,/film/mortal-kombat/
action,/film/the-taking-of-pelham-one-two-three/
action,/film/thx-1138/
action,/film/resident-evil-welcome-to-raccoon-city/
action,/film/waterworld/
action,/film/super-2010/
action,/film/hackers/
action,/film/rambo-first-blood-part-ii/
action,/film/the-transporter/
action,/film/willow/
action,/film/evangelion-30-you-can-not-redo/
action,/film/unstoppable-2010/
action,/film/ms-45/
action,/film/johnny-english/
action,/film/the-bodyguard-1992/
action,/film/live-and-let-die/
action,/film/the-karate-kid-part-ii/
action,/film/resident-evil-extinction/
action,/film/hitmans-wifes-bodyguard/
action,/film/the-spy-who-dumped-me/
action,/film/13-hours-the-secret-soldiers-of-benghazi/
action,/film/redline/
action,/film/the-lion-king-3-hakuna-matata/
action,/film/anna-2019/
action,/film/sanjuro/
action,/film/justice-league-the-flashpoint-paradox/
action,/film/dragged-across-concrete/
action,/film/the-5th-wave/
action,/film/the-mummy-tomb-of-the-dragon-emperor/
action,/film/the-spy-who-loved-me/
action,/film/small-soldiers/
action,/film/kagemusha/
action,/film/enemy-of-the-state/
action,/film/sin-city-a-dame-to-kill-for/
action,/film/spider-man-beyond-the-spider-verse/
action,/film/g-force/
action,/film/rocknrolla/
action,/film/project-power-2020/
action,/film/pitch-black/
action,/film/unhinged-2020/
action,/film/greyhound/
action,/film/the-green-hornet/
action,/film/the-monuments-men/
action,/film/300-rise-of-an-empire/
action,/film/blackhat/
action,/film/sonatine/
action,/film/snakes-on-a-plane/
action,/film/journey-2-the-mysterious-island/
action,/film/resident-evil-retribution/
action,/film/the-commuter/
action,/film/lethal-weapon-2/
action,/film/shooter/
action,/film/the-dark-tower/
action,/film/serenity/
action,/film/moonraker/
action,/film/sharknado/
action,/film/the-sorcerers-apprentice-2010/
action,/film/the-chaser/
action,/film/the-day-of-the-beast/
action,/film/riddick/
action,/film/doom/
action,/film/faster-pussycat-kill-kill/
action,/film/elektra/
action,/film/the-host-2013/
action,/film/ava-2020/
action,/film/pandorum/
action,/film/dragonball-evolution/
action,/film/the-good-the-bad-the-weird/
action,/film/the-gangster-the-cop-the-devil/
action,/film/spy-game/
action,/film/transporter-2/
action,/film/batman-beyond-return-of-the-joker/
action,/film/the-witch-part-1-the-subversion/
action,/film/ashes-of-time/
action,/film/superman-iii/
action,/film/samurai-rebellion/
action,/film/gamer/
action,/film/justice-league-dark-apokolips-war/
action,/film/the-losers/
action,/film/rolling-thunder/
action,/film/smokin-aces/
action,/film/eagle-eye/
action,/film/first-love-2019/
action,/film/astro-boy/
action,/film/haywire/
action,/film/shanghai-knights/
action,/film/police-story-2/
action,/film/the-way-of-the-dragon/
action,/film/species/
action,/film/kill-boksoon/
action,/film/the-family-2013/
action,/film/tekkonkinkreet/
action,/film/why-dont-you-play-in-hell/
action,/film/death-wish/
action,/film/batman-hush/
action,/film/tokyo-fist/
action,/film/death-race-2000/
action,/film/jawan/
action,/film/film:151796/
action,/film/robin-hood-2018/
action,/film/hercules-2014/
action,/film/star-trek-vi-the-undiscovered-country/
action,/film/kung-pow-enter-the-fist/
action,/film/wings/
action,/film/devotion-2022/
action,/film/dantes-peak/
action,/film/pompeii/
action,/film/maximum-overdrive/
action,/film/spy-kids-all-the-time-in-the-world/
action,/film/swordfish/
action,/film/destroyer-2018/
action,/film/project-almanac/
action,/film/the-net/
action,/film/the-getaway/
action,/film/rumble-in-the-bronx/
action,/film/lake-placid/
action,/film/atlas-2024/
action,/film/king-arthur/
action,/film/shoot-em-up/
action,/film/ghosts-of-mars/
action,/film/xxx-return-of-xander-cage/
action,/film/never-say-never-again/
action,/film/battle-for-the-planet-of-the-apes/
action,/film/next/
action,/film/the-villainess/
action,/film/the-do-over/
action,/film/poseidon/
action,/film/immortals/
action,/film/popeye/
action,/film/the-mexican/
action,/film/the-proposition-2005/
action,/film/a-touch-of-sin/
action,/film/around-the-world-in-80-days-2004/
action,/film/kangaroo-jack/
action,/film/justice-league-war/
action,/film/black-rain/
action,/film/the-family-plan/
action,/film/mothra-vs-godzilla/
action,/film/12-strong/
action,/film/push-2009/
action,/film/under-siege/
action,/film/the-three-musketeers-2011/
action,/film/son-of-batman/
action,/film/street-fighter/
action,/film/the-score/
action,/film/beverly-hills-cop-iii/
action,/film/battle-los-angeles/
action,/film/the-mother-2023/
action,/film/tag/
action,/film/turner-hooch/
action,/film/macgruber/
action,/film/defiance/
action,/film/the-witcher-nightmare-of-the-wolf/
action,/film/dogman-2023/
action,/film/police-story-3-super-cop/
action,/film/killers-2010/
action,/film/the-core/
action,/film/the-mechanic-2011/
action,/film/the-boxers-omen/
action,/film/female-prisoner-701-scorpion/
action,/film/along-came-a-spider/
action,/film/no-escape-2015/
action,/film/the-count-of-monte-cristo-2024/
action,/film/the-day-of-the-jackal/
action,/film/backdraft/
action,/film/magnum-force/
action,/film/vampire-academy/
action,/film/on-flux-2005/
action,/film/race-to-witch-mountain/
action,/film/the-transformers-the-movie/
action,/film/ninja-scroll/
action,/film/foreign-correspondent/
action,/film/eight-legged-freaks/
action,/film/gladiator-ii/
action,/film/wicked-city/
action,/film/justice-league-dark/
action,/film/the-rundown/
action,/film/superman-iv-the-quest-for-peace/
action,/film/a-prayer-before-dawn/
action,/film/star-trek-v-the-final-frontier/
action,/film/the-last-stand-2013/
action,/film/wild-hogs/
action,/film/coffy/
action,/film/how-i-live-now/
action,/film/batman-assault-on-arkham/
action,/film/the-towering-inferno/
action,/film/innerspace/
action,/film/punisher-war-zone/
action,/film/bahubali-the-beginning/
action,/film/violent-cop/
action,/film/swat/
action,/film/we-can-be-heroes-2020/
action,/film/ultraman-rising/
action,/film/underworld-rise-of-the-lycans/
action,/film/shadow-in-the-cloud/
action,/film/machete-kills/
action,/film/transporter-3/
action,/film/underworld-awakening/
action,/film/star-trek-generations/
action,/film/jack-ryan-shadow-recruit/
action,/film/ong-bak-muay-thai-warrior/
action,/film/we-were-soldiers/
action,/film/samaritan-2022/
action,/film/copshop/
action,/film/attack-on-titan-chronicle/
action,/film/hobo-with-a-shotgun/
action,/film/rollerball/
action,/film/payback/
action,/film/red-state/
action,/film/thunderbolt-and-lightfoot/
action,/film/universal-soldier/
action,/film/death-wish-2018/
action,/film/keeping-up-with-the-joneses/
action,/film/homefront/
action,/film/the-tuxedo/
action,/film/the-last-witch-hunter/
action,/film/sweet-sweetbacks-baadasssss-song/
action,/film/young-guns/
action,/film/bob-le-flambeur/
action,/film/us-marshals/
action,/film/drive-angry/
action,/film/taxi-1998/
action,/film/ultraviolet/
action,/film/justice-league-doom/
action,/film/jackass-35/
action,/film/shaft-2000/
action,/film/space-cowboys/
action,/film/marighella-2021/
action,/film/the-spy-next-door/
action,/film/injustice-2021/
action,/film/the-guns-of-navarone/
action,/film/underworld-blood-wars/
action,/film/agent-cody-banks/
action,/film/zatoichi/
action,/film/once-upon-a-time-in-china/
action,/film/blue-streak/
action,/film/godzilla-vs-mechagodzilla/
action,/film/where-eagles-dare/
action,/film/mechanic-resurrection/
action,/film/peppermint-2018/
action,/film/mighty-morphin-power-rangers-the-movie/
action,/film/zulu/
action,/film/the-time-machine-2002/
action,/film/the-longest-day/
action,/film/let-the-corpses-tan/
action,/film/runaway-train/
action,/film/sahara-2005/
action,/film/underdog/
action,/film/open-range/
action,/film/spy-x-family-code-white/
action,/film/self-less/
action,/film/bullet-in-the-head/
action,/film/d2-the-mighty-ducks/
action,/film/kickboxer/
action,/film/cellular/
action,/film/paycheck/
action,/film/the-girl-who-played-with-fire/
action,/film/casino-royale/
action,/film/green-zone/
action,/film/sudden-impact/
action,/film/masters-of-the-universe/
action,/film/star-trek-insurrection/
action,/film/final-fantasy-vii-advent-children/
action,/film/batman-gotham-by-gaslight/
action,/film/green-snake/
action,/film/the-three-musketeers-milady/
action,/film/season-of-the-witch/
action,/film/the-gods-must-be-crazy/
action,/film/man-on-a-ledge/
action,/film/lone-wolf-and-cub-sword-of-vengeance/
action,/film/the-hunted-2003/
action,/film/love-death-robots-ice/
action,/film/miami-connection/
action,/film/ip-man-4-the-finale/
action,/film/the-machine-2/
action,/film/wendy-wu-homecoming-warrior/
action,/film/dead-presidents/
action,/film/blade-runner-black-out-2022/
action,/film/dragon-ball-z-battle-of-gods/
action,/film/hudson-hawk/
action,/film/my-hero-academia-heroes-rising/
action,/film/red-dawn-2012/
action,/film/my-spy-2020/
action,/film/the-ice-road/
action,/film/vikram-2022/
action,/film/sky-captain-and-the-world-of-tomorrow/
action,/film/priest-2011/
action,/film/wingwomen/
action,/film/invasion-of-astro-monster/
action,/film/barely-lethal/
action,/film/conspiracy-theory/
action,/film/without-a-paddle/
action,/film/bugsy-malone/
action,/film/along-with-the-gods-the-two-worlds/
action,/film/run-all-night/
action,/film/night-teeth/
action,/film/silverado/
action,/film/deep-rising/
action,/film/pokemon-3-the-movie/
action,/film/surrogates/
action,/film/get-duked/
action,/film/teen-titans-the-judas-contract/
action,/film/7500/
action,/film/marry-my-dead-body/
action,/film/marvel-one-shot-agent-carter/
action,/film/super-fly/
action,/film/tears-of-the-sun/
action,/film/justice-league-throne-of-atlantis/
action,/film/robocop-3/
action,/film/leo-2023-1/
action,/film/congo/
action,/film/the-big-boss/
action,/film/max-payne/
action,/film/jonah-hex/
action,/film/krull/
action,/film/the-wandering-earth/
action,/film/the-kitchen-2019/
action,/film/red-heat/
action,/film/the-wave-2015/
action,/film/vantage-point/
action,/film/godzilla-final-wars/
action,/film/hot-pursuit-2015/
action,/film/game-of-death/
action,/film/tangled-ever-after/
action,/film/death-sentence-2007/
action,/film/charlie-countryman/
action,/film/taxi-2004/
action,/film/battlefield-earth/
action,/film/fatman/
action,/film/miami-blues/
action,/film/drug-war/
action,/film/godzilla-vs-destoroyah/
action,/film/batman-mr-freeze-subzero/
action,/film/hitman-agent-47/
action,/film/diva/
action,/film/the-stronghold-2021/
action,/film/limbo-2021/
action,/film/bahubali-2-the-conclusion/
action,/film/blast-of-silence/
action,/film/the-girl-who-kicked-the-hornets-nest/
action,/film/gen-v-prime-premiere/
action,/film/the-jackal/
action,/film/the-next-karate-kid/
action,/film/ride-along-2/
action,/film/honest-thief/
action,/film/safe-2012/
action,/film/extreme-job/
action,/film/how-it-ends/
action,/film/the-three-musketeers-1993/
action,/film/cross-of-iron/
action,/film/the-finest-hours-2016/
action,/film/killer-bean-forever/
action,/film/the-last-starfighter/
action,/film/yes-madam/
action,/film/zombeavers/
action,/film/the-forbidden-kingdom/
action,/film/unleashed/
action,/film/mission-impossible-8/
action,/film/the-outpost/
action,/film/godzilla-vs-megalon/
action,/film/land-of-bad/
action,/film/batman-vs-teenage-mutant-ninja-turtles/
action,/film/the-wolfs-call/
action,/film/red-cliff/
action,/film/el-infierno/
action,/film/city-on-fire/
action,/film/sin-nombre/
action,/film/extinction/
action,/film/behind-enemy-lines-2001/
action,/film/free-state-of-jones/
action,/film/batman-gotham-knight/
action,/film/parker/
action,/film/romeo-must-die/
action,/film/the-protege/
action,/film/night-in-paradise-2020/
action,/film/the-wrath-of-becky/
action,/film/throw-down/
action,/film/ninja-assassin/
action,/film/double-team/
action,/film/the-age-of-shadows/
action,/film/street-kings/
action,/film/atlantis-milos-return/
action,/film/beverly-hills-ninja/
action,/film/cloud-9-2014/
action,/film/into-the-storm-2014/
action,/film/unicorn-wars/
action,/film/lupin-iii-the-first/
action,/film/batman-and-harley-quinn/
action,/film/six-days-seven-nights/
action,/film/the-dead-pool/
action,/film/cell-211/
action,/film/the-covenant/
action,/film/dragon-ball-z-resurrection-f/
action,/film/mad-max-the-wasteland/
action,/film/a-chinese-ghost-story/
action,/film/reign-of-the-supermen/
action,/film/ebirah-horror-of-the-deep/
action,/film/samurai-i-musashi-miyamoto/
action,/film/emergency-declaration/
action,/film/executive-decision/
action,/film/the-dukes-of-hazzard/
action,/film/on-probation/
action,/film/year-of-the-dragon/
action,/film/godzilla-vs-biollante/
action,/film/the-ghost-and-the-darkness/
action,/film/absolute-power/
action,/film/the-enforcer-1976/
action,/film/exiled/
action,/film/justice-league-crisis-on-two-earths/
action,/film/outside-the-wire/
action,/film/repo-men/
action,/film/last-life-in-the-universe/
action,/film/running-scared-2006/
action,/film/class-of-1984/
action,/film/captive-state/
action,/film/vfw/
action,/film/cop-out/
action,/film/return-to-halloweentown/
action,/film/the-princess-2022-1/
action,/film/the-fan/
action,/film/frontiers/
action,/film/final-fantasy-the-spirits-within/
action,/film/the-black-hole/
action,/film/mayday-2021/
action,/film/suicide-squad-hell-to-pay/
action,/film/come-drink-with-me/
action,/film/memory-2022/
action,/film/16-blocks/
action,/film/rise-of-the-teenage-mutant-ninja-turtles-the-movie/
action,/film/shogun-assassin/
action,/film/iron-sky/
action,/film/freelance-2023/
action,/film/barb-wire/
action,/film/sympathy-for-the-devil-2023/
action,/film/the-hit-1984/
action,/film/demon-slayer-kimetsu-no-yaiba-to-the-swordsmith-village/
action,/film/romper-stomper/
action,/film/kalki-2898-ad/
action,/film/chips-2017/
action,/film/ricochet/
action,/film/once-upon-a-deadpool/
action,/film/gangs-of-wasseypur-part-2/
action,/film/project-wolf-hunting/
action,/film/outland/
action,/film/point-break-2015/
action,/film/merry-little-batman/
action,/film/oss-117-lost-in-rio/
action,/film/project-a/
action,/film/time-to-hunt/
action,/film/the-golden-child/
action,/film/godzilla-mothra-and-king-ghidorah-giant-monsters-all-out-attack/
action,/film/zoom/
action,/film/bound-by-honor/
action,/film/bastille-day/
action,/film/resident-evil-death-island/
action,/film/terror-of-mechagodzilla/
action,/film/jolt/
action,/film/the-way-of-the-gun/
action,/film/tremors-ii-aftershocks/
action,/film/the-baader-meinhof-complex/
action,/film/mortal-world/
action,/film/106013/
action,/film/harry-brown/
action,/film/captain-america-brave-new-world/
action,/film/in-a-valley-of-violence/
action,/film/danger-diabolik/
action,/film/lou-2022/
action,/film/rim-of-the-world/
action,/film/wheels-on-meals/
action,/film/kill-bill-the-origin-of-o-ren/
action,/film/the-recruit/
action,/film/venom-the-last-dance/
action,/film/hunter-killer-2018/
action,/film/godzilla-vs-gigan/
action,/film/jigarthanda-doublex/
action,/film/daylight/
action,/film/a-night-to-remember/
action,/film/a-moment-of-romance/
action,/film/no-mans-land-2001/
action,/film/sweet-girl/
action,/film/midnight-runners/
action,/film/sherlock-holmes-3/
action,/film/thriller-a-cruel-picture/
action,/film/lockout-2012/
action,/film/the-navigator/
action,/film/dangerous-encounters-of-the-first-kind/
action,/film/berserk-the-golden-age-arc-i-the-egg-of-the-king/
action,/film/windtalkers/
action,/film/the-kingdom-2007/
action,/film/godzilla-vs-king-ghidorah/
action,/film/slaughterhouse-rulez/
action,/film/the-last-castle/
action,/film/the-in-laws/
action,/film/conan-the-barbarian-2011/
action,/film/badland-hunters/
action,/film/mortal-kombat-legends-scorpions-revenge/
action,/film/u-571/
action,/film/regular-show-the-movie/
action,/film/eega/
action,/film/sword-of-the-stranger/
action,/film/the-cannonball-run/
action,/film/the-punisher/
action,/film/captain-blood/
action,/film/breathless-1983/
action,/film/mfkz/
action,/film/john-wick-presents-ballerina/
action,/film/leonor-will-never-die/
action,/film/virtuosity/
action,/film/the-man-who-knew-too-little/
action,/film/teen-titans-trouble-in-tokyo/
action,/film/big-mommas-like-father-like-son/
action,/film/undercover-brother/
action,/film/versus/
action,/film/2048-nowhere-to-run/
action,/film/the-8-diagram-pole-fighter/
action,/film/district-b13/
action,/film/fearless-2006/
action,/film/the-jewel-of-the-nile/
action,/film/into-the-blue/
action,/film/electric-dragon-80000-v/
action,/film/takers/
action,/film/last-seen-alive/
action,/film/curse-of-the-golden-flower/
action,/film/the-roundup-2022/
action,/film/snitch/
action,/film/contraband-2012/
action,/film/the-phantom/
action,/film/war/
action,/film/cats-dogs-the-revenge-of-kitty-galore/
action,/film/in-the-land-of-saints-and-sinners/
action,/film/the-last-kingdom-seven-kings-must-die/
action,/film/my-hero-academia-world-heroes-mission/
action,/film/feast-2005/
action,/film/youth-of-the-beast/
action,/film/last-man-standing-1996/
action,/film/the-cave/
action,/film/burn-2019/
action,/film/the-tale-of-zatoichi/
action,/film/vertical-limit/
action,/film/dead-heat/
action,/film/mercury-rising/
action,/film/seoul-station/
action,/film/dead-snow-2-red-vs-dead/
action,/film/nemesis/
action,/film/borderlands-2024/
action,/film/ponniyin-selvan-part-i/
action,/film/justice-league-the-new-frontier/
action,/film/batman-the-doom-that-came-to-gotham/
action,/film/the-return-of-godzilla/
action,/film/a-better-tomorrow-ii/
action,/film/dial-code-santa-claus/
action,/film/the-crow-2024/
action,/film/peking-opera-blues/
action,/film/so-undercover/
action,/film/attack-on-titan/
action,/film/gantz-o/
action,/film/no-way-up/
action,/film/berserk-the-golden-age-arc-ii-the-battle-for-doldrey/
action,/film/3-days-to-kill/
action,/film/reindeer-games/
action,/film/female-prisoner-scorpion-jailhouse-41/
action,/film/lady-snowblood-2-love-song-of-vengeance/
action,/film/superman-ii-the-richard-donner-cut/
action,/film/kill-2023-1/
action,/film/red-sonja/
action,/film/the-stunt-man/
action,/film/all-the-old-knives/
action,/film/the-postman/
action,/film/death-wish-3/
action,/film/knights-of-the-zodiac/
action,/film/patlabor-2-the-movie/
action,/film/grand-prix/
action,/film/stealing-raden-saleh/
action,/film/the-professionals/
action,/film/the-medallion/
action,/film/tokyo-tribe/
action,/film/gamera-guardian-of-the-universe/
action,/film/the-shadow-1994/
action,/film/double-impact/
action,/film/the-spirit/
action,/film/national-lampoons-loaded-weapon-1/
action,/film/changing-lanes/
action,/film/infernal-affairs-ii/
action,/film/chennai-express/
action,/film/batman-mystery-of-the-batwoman/
action,/film/godzilla-planet-of-the-monsters/
action,/film/dragon-ball-z-broly-the-legendary-super-saiyan/
action,/film/they-call-me-trinity/
action,/film/pokemon-the-movie-mewtwo-strikes-back-evolution/
action,/film/resident-evil-vendetta/
action,/film/the-outlaws-2017/
action,/film/anacondas-the-hunt-for-the-blood-orchid/
action,/film/constantine-city-of-demons-the-movie/
action,/film/teen-titans-go-vs-teen-titans/
action,/film/who-am-i/
action,/film/national-security/
action,/film/spectral/
action,/film/five-fingers-of-death/
action,/film/airport/
action,/film/see-you-yesterday-2019/
action,/film/kite/
action,/film/basic/
action,/film/next-gen/
action,/film/godzilla-vs-mothra/
action,/film/all-star-superman/
action,/film/1492-conquest-of-paradise/
action,/film/le-mans/
action,/film/nighthawks/
action,/film/in-order-of-disappearance/
action,/film/the-international/
action,/film/superman-doomsday/
action,/film/sharknado-3-oh-hell-no/
action,/film/baby-driver-2/
action,/film/assault-on-precinct-13-2005/
action,/film/headshot-2016/
action,/film/soldier/
action,/film/split-second-1992/
action,/film/the-7th-voyage-of-sinbad/
action,/film/one-piece-baron-omatsuri-and-the-secret-island/
action,/film/resident-evil-degeneration/
action,/film/one-piece-film-z/
action,/film/a-colt-is-my-passport/
action,/film/the-batman-vs-dracula/
action,/film/the-powerpuff-girls-movie/
action,/film/knightriders/
action,/film/justice-league-crisis-on-infinite-earths-part-one/
action,/film/godzilla-vs-mechagodzilla-ii/
action,/film/dragon-ball-z-fusion-reborn/
action,/film/godzilla-vs-spacegodzilla/
action,/film/truck-turner/
action,/film/babylon-ad/
action,/film/kantara/
action,/film/hard-times-1975/
action,/film/carriers/
action,/film/the-darkest-hour/
action,/film/the-cat-1992/
action,/film/universal-soldier-day-of-reckoning/
action,/film/under-siege-2-dark-territory/
action,/film/dragnet-1987/
action,/film/oss-117-from-africa-with-love/
action,/film/batman-and-superman-battle-of-the-super-sons/
action,/film/another-48-hrs/
action,/film/battle-royale-ii-requiem/
action,/film/the-tax-collector/
action,/film/blacklight/
action,/film/iron-monkey/
action,/film/night-watch-2004/
action,/film/extreme-prejudice/
action,/film/the-peacemaker/
action,/film/colors/
action,/film/collateral-damage/
action,/film/bajrangi-bhaijaan/
action,/film/samurai-ii-duel-at-ichijoji-temple/
action,/film/stop-or-my-mom-will-shoot/
action,/film/hostage-2005/
action,/film/hidden-strike/
action,/film/marvel-one-shot-the-consultant/
action,/film/they-call-me-jeeg/
action,/film/highlander-ii-the-quickening/
action,/film/jallikattu/
action,/film/nick-of-time/
action,/film/flickering-lights/
action,/film/marvel-one-shot-item-47/
action,/film/wild-zero/
action,/film/criminal-2016/
action,/film/caliber-9/
action,/film/le-deuxieme-souffle/
action,/film/harsh-times/
action,/film/batman-death-in-the-family/
action,/film/warlock-1989/
action,/film/mr-vampire/
action,/film/cutthroat-island/
action,/film/hummingbird-2013/
action,/film/justice-league-gods-and-monsters/
action,/film/bad-black/
action,/film/lionheart/
action,/film/french-connection-ii/
action,/film/lions-for-lambs/
action,/film/i-am-a-hero/
action,/film/the-bounty/
action,/film/blood-gold/
action,/film/the-wraith/
action,/film/son-of-a-gun/
action,/film/switchblade-sisters/
action,/film/one-piece-film-gold/
action,/film/the-spine-of-night/
action,/film/tromeo-juliet/
action,/film/samurai-iii-duel-at-ganryu-island/
action,/film/godzilla-tokyo-sos/
action,/film/galaxy-of-terror/
action,/film/timeline/
action,/film/angel-1984/
action,/film/showdown-in-little-tokyo/
action,/film/wild-card-2015/
action,/film/three-outlaw-samurai/
action,/film/captain-miller/
action,/film/dark-angel/
action,/film/police-story-4-first-strike/
action,/film/interceptor-2022/
action,/film/my-blue-heaven/
action,/film/the-mission-1999/
action,/film/run-hide-fight-2020/
action,/film/ben-hur-2016/
action,/film/the-mechanic/
action,/film/the-spook-who-sat-by-the-door/
action,/film/pokemon-heroes/
action,/film/kaithi/
action,/film/smosh-the-movie/
action,/film/america-the-motion-picture/
action,/film/wonder-woman/
action,/film/the-specialist/
action,/film/3-ninjas/
action,/film/solomon-kane/
action,/film/jcvd/
action,/film/the-legend-of-hei/
action,/film/lone-wolf-and-cub-baby-cart-to-hades/
action,/film/the-boondock-saints-ii-all-saints-day/
action,/film/the-flu/
action,/film/escape-plan-2-hades/
action,/film/conquest-1983/
action,/film/junk-head/
action,/film/dragons-forever/
action,/film/beirut/
action,/film/the-steel-helmet/
action,/film/death-wish-ii/
action,/film/tae-guk-gi-the-brotherhood-of-war/
action,/film/dead-end-drive-in/
action,/film/below-zero-2021/
action,/film/mothers-day/
action,/film/bullet-to-the-head/
action,/film/operation-condor/
action,/film/sand-castle-2017/
action,/film/hard-to-kill/
action,/film/that-man-from-rio/
action,/film/thunderbolts/
action,/film/mortal-world-2/
action,/film/rollerball-2002/
action,/film/the-retirement-plan/
action,/film/taxi-2/
action,/film/mr-nice-guy/
action,/film/blitz/
action,/film/the-gauntlet/
action,/film/blues-brothers-2000/
action,/film/the-extraordinary-adventures-of-adele-blanc-sec/
action,/film/running-scared/
action,/film/bulletproof/
action,/film/the-big-4/
action,/film/black-crab/
action,/film/the-message-1976-1/
action,/film/ghajini-2008/
action,/film/the-hurricane-heist/
action,/film/mighty-morphin-power-rangers-once-always/
action,/film/ponniyin-selvan-part-ii/
action,/film/kursk/
action,/film/the-witch-part-2-the-other-one/
action,/film/rob-roy/
action,/film/micmacs/
action,/film/house-of-the-dead/
action,/film/virus-1999/
action,/film/trigger-warning/
action,/film/mesrine-killer-instinct/
action,/film/sukiyaki-western-django/
action,/film/convoy/
action,/film/fist-of-legend/
action,/film/stone-cold/
action,/film/new-york-ninja/
action,/film/resident-evil-damnation/
action,/film/kingsman-the-blue-blood/
action,/film/dragon-ball-z-coolers-revenge/
action,/film/blue-thunder/
action,/film/3000-miles-to-graceland/
action,/film/the-rookie/
action,/film/the-inglorious-bastards/
action,/film/the-eiger-sanction/
action,/film/prime-cut/
action,/film/hatchet-iii/
action,/film/new-police-story/
action,/film/deepstar-six/
action,/film/black-and-blue-2019/
action,/film/maharaja-2024/
action,/film/judgment-night/
action,/film/red-tails/
action,/film/steel/
action,/film/killing-zoe/
action,/film/bangkok-dangerous-2008/
action,/film/torque/
action,/film/wild-target/
action,/film/flyboys/
action,/film/the-venture-bros-radiant-is-the-blood-of-the-baboon-heart/
action,/film/lone-wolf-and-cub-white-heaven-in-hell/
action,/film/gleaming-the-cube/
action,/film/savage-streets/
action,/film/alienoid/
action,/film/burst-city/
action,/film/buck-and-the-preacher/
action,/film/taxi-3/
action,/film/scooby-doo-batman-the-brave-and-the-bold/
action,/film/ghost-in-the-shell-20/
action,/film/the-lord-of-the-rings-the-war-of-the-rohirrim/
action,/film/demon-city-shinjuku/
action,/film/por-thozhil/
action,/film/stormbreaker/
action,/film/toy-soldiers/
action,/film/coffee-kareem/
action,/film/confession-of-murder/
action,/film/bungo-stray-dogs-dead-apple/
action,/film/dragon-ball-z-the-tree-of-might/
action,/film/cherry-2000/
action,/film/drive/
action,/film/the-red-spectacles/
action,/film/act-of-valor/
action,/film/dead-man-down/
action,/film/duel-to-the-death/
action,/film/undisputed-iii-redemption/
action,/film/white-fang-1991/
action,/film/attack-on-titan-the-roar-of-awakening/
action,/film/master-of-the-flying-guillotine/
action,/film/lady-terminator/
action,/film/beyond-skyline/
action,/film/gold-2022/
action,/film/pokemon-the-rise-of-darkrai/
action,/film/legion-of-super-heroes/
action,/film/escape-from-mogadishu/
action,/film/city-hunter/
action,/film/stand-up-guys/
action,/film/fist-of-the-north-star/
action,/film/dragon-ball-z-wrath-of-the-dragon/
action,/film/firewall/
action,/film/red-cliff-ii/
action,/film/raging-fire/
action,/film/trapped-in-paradise/
action,/film/black-sunday/
action,/film/57-seconds/
action,/film/dragon-ball-z-the-return-of-cooler/
action,/film/five-element-ninjas/
action,/film/the-replacement-killers/
action,/film/furie/
action,/film/don-2006/
action,/film/zu-warriors-from-the-magic-mountain/
action,/film/crows-zero/
action,/film/dragon-ball-z-dead-zone/
action,/film/no-escape-1994/
action,/film/the-final-countdown/
action,/film/thallumaala/
action,/film/hunter-x-hunter-phantom-rouge/
action,/film/sarpatta-parambarai/
action,/film/life-of-an-american-fireman/
action,/film/pokemon-jirachi-wish-maker/
action,/film/2018-2023/
action,/film/6-days/
action,/film/crouching-tiger-hidden-dragon-sword-of-destiny/
action,/film/vigilante/
action,/film/the-adventures-of-pluto-nash/
action,/film/vibes/
action,/film/spl-kill-zone/
action,/film/el-cid/
action,/film/enthiran/
action,/film/kingsglaive-final-fantasy-xv/
action,/film/six-string-samurai/
action,/film/spider-ham-caught-in-a-ham/
action,/film/dragon-ball-z-broly-second-coming/
action,/film/war-2019/
action,/film/veteran/
action,/film/blind-womans-curse/
action,/film/the-batman-superman-movie-worlds-finest/
action,/film/undisputed-ii-last-man-standing/
action,/film/hollywood-homicide/
action,/film/machine-gun-preacher/
action,/film/point-blank-2019/
action,/film/inspector-gadget-2/
action,/film/lost-bullet/
action,/film/crippled-avengers/
action,/film/catch-that-kid/
action,/film/the-stunt-double/
action,/film/mad-money/
action,/film/earthquake/
action,/film/the-son-of-kong/
action,/film/1990-the-bronx-warriors/
action,/film/dhoom-3/
action,/film/the-delta-force/
action,/film/american-ninja/
action,/film/twelve-oclock-high/
action,/film/street-fighter-ii-the-animated-movie/
action,/film/dobermann/
action,/film/the-fantastic-four/
action,/film/cloak-dagger/
action,/film/one-for-the-money/
action,/film/untitled-shang-chi-sequel/
action,/film/the-hard-way-1991/
action,/film/cyber-city-oedo-808/
action,/film/open-windows/
action,/film/the-vikings/
action,/film/bleach/
action,/film/wolf-guy-1975/
action,/film/jesus-christ-vampire-hunter/
action,/film/fast-feel-love/
action,/film/die-hart/
action,/film/white-lightning/
action,/film/ninokuni/
action,/film/the-eagle-has-landed/
action,/film/proud-mary/
action,/film/dilwale-2015/
action,/film/jigarthanda/
action,/film/dragon-ball-z-bio-broly/
action,/film/clean-2022-1/
action,/film/rampage/
action,/film/the-last-sharknado-its-about-time/
action,/film/bad-company-2002/
action,/film/phantom-of-the-megaplex/
action,/film/cotton-comes-to-harlem/
action,/film/dragon-ball-z-the-worlds-strongest/
action,/film/superman-shazam-the-return-of-black-adam/
action,/film/money-talks/
action,/film/nowhere-to-run/
action,/film/jeruzalem/
action,/film/risen-2016/
action,/film/accident-man/
action,/film/one-piece-the-movie/
action,/film/last-hurrah-for-chivalry/
action,/film/dragon-ball-z-lord-slug/
action,/film/the-killer-elite/
action,/film/the-childe/
action,/film/grind/
action,/film/cleopatra-jones/
action,/film/let-the-bullets-fly/
action,/film/the-cold-light-of-day-2012/
action,/film/new-kids-turbo/
action,/film/ned-kelly/
action,/film/the-devils-double/
action,/film/death-wish-4-the-crackdown/
action,/film/hunter-hunter-pilot/
action,/film/the-super-inframan/
action,/film/sugar-hill/
action,/film/the-ice-pirates/
action,/film/money-plane/
action,/film/peters-to-do-list/
action,/film/soorarai-pottru/
action,/film/major-grom-plague-doctor/
action,/film/after-the-sunset/
action,/film/my-lucky-stars/
action,/film/an-action-hero/
action,/film/unlocked/
action,/film/road-to-ninja-naruto-the-movie/
action,/film/yakuza-like-a-dragon/
action,/film/fast-company/
action,/film/hanu-man/
action,/film/mr-majestyk/
action,/film/love-on-delivery/
action,/film/fullmetal-alchemist/
action,/film/spl-2-a-time-for-consequences/
action,/film/the-big-easy/
action,/film/dillinger-1973/
action,/film/king-kong-escapes/
action,/film/baby-assassins/
action,/film/batman-beyond-the-movie/
action,/film/the-quake/
action,/film/maniac-cop-3-badge-of-silence/
action,/film/scooby-doo-and-the-samurai-sword/
action,/film/trespass/
action,/film/easy-street/
action,/film/the-last-full-measure/
action,/film/the-guyver/
action,/film/magnificent-warriors/
action,/film/the-exterminator/
action,/film/skiptrace/
action,/film/jesus-shows-you-the-way-to-the-highway/
action,/film/the-lair-2022/
action,/film/family-guy-presents-stewie-griffin-the-untold-story/
action,/film/exit-wounds/
action,/film/memphis-belle/
action,/film/batman-vs-two-face/
action,/film/seven/
action,/film/escape-plan-the-extractors/
action,/film/universal-soldier-regeneration/
action,/film/tetsuo-the-bullet-man/
action,/film/chinese-zodiac/
action,/film/sailor-moon-r-the-movie/
action,/film/raees/
action,/film/spider-man-4/
action,/film/beast-2022/
action,/film/sword-of-the-beast/
action,/film/sailor-suit-and-machine-gun/
action,/film/the-colony/
action,/film/king-kong-vs-godzilla-1963/
action,/film/13-tzameti/
action,/film/the-four-feathers-2002/
action,/film/ratsasan/
action,/film/scott-pilgrim-vs-the-animation/
action,/film/twin-dragons/
action,/film/zeiram/
action,/film/urotsukidoji-legend-of-the-overfiend/
action,/film/the-quest/
action,/film/pandora-2016/
action,/film/15-minutes/
action,/film/battle-of-britain/
action,/film/the-condemned/
action,/film/mark-antony-2023/
action,/film/star-wars-clone-wars/
action,/film/turbo-a-power-rangers-movie/
action,/film/maximum-risk/
action,/film/assassination-2015/
action,/film/the-connection-2014/
action,/film/the-italian-connection/
action,/film/earth-vs-the-flying-saucers/
action,/film/hulk-vs-wolverine/
action,/film/the-divine-fury/
action,/film/taxi-4/
action,/film/the-man-with-the-iron-heart/
action,/film/titanic-ii/
action,/film/sonic-the-hedgehog-the-movie/
action,/film/the-battleship-island/
action,/film/sentinelle-2023/
action,/film/the-magnificent-one/
action,/film/crime-story/
action,/film/gamera-vs-guiron/
action,/film/koi-mil-gaya/
action,/film/busting/
action,/film/paradise-alley/
action,/film/hit-run-2012/
action,/film/dollman/
action,/film/death-race-2/
action,/film/the-haunted-world-of-el-superbeasto/
action,/film/harley-davidson-and-the-marlboro-man/
action,/film/doom-annihilation/
action,/film/shark-bait-2022/
action,/film/gundala/
action,/film/firebase/
action,/film/breaking-news/
action,/film/the-vanished-2020/
action,/film/blood-and-bone/
action,/film/get-carter-2000/
action,/film/god-of-gamblers/
action,/film/how-to-train-your-dragon-homecoming/
action,/film/rebel-2022/
action,/film/killing-gunther/
action,/film/thunivu/
action,/film/tiger-3/
action,/film/street-dreams/
action,/film/heroes-of-the-east/
action,/film/rdx-robert-dony-xavier/
action,/film/a-lonely-place-to-die/
action,/film/the-thundermans-return/
action,/film/f1/
action,/film/fathers-day-2011/
action,/film/master-z-ip-man-legacy/
action,/film/mad-heidi/
action,/film/pathfinder-2007/
action,/film/seraphim-falls/
action,/film/raw-force/
action,/film/gangster-no-1/
action,/film/little-witch-academia/
action,/film/kim-possible/
action,/film/robot-chicken-star-wars/
action,/film/ready-to-rumble/
action,/film/mayhem-2023/
action,/film/yu-gi-oh-the-movie/
action,/film/fearless-hyena/
action,/film/day-watch/
action,/film/dhoom/
action,/film/tremors-5-bloodlines/
action,/film/sex-and-fury/
action,/film/rendezvous-1976/
action,/film/the-tale-of-zatoichi-continues/
action,/film/chaos-2005/
action,/film/crazy-thunder-road/
action,/film/medieval/
action,/film/shershaah/
action,/film/7-boxes/
action,/film/black-mama-white-mama/
action,/film/the-girl-on-a-motorcycle/
action,/film/emperor-of-the-north/
action,/film/mutant-action/
action,/film/a-chinese-odyssey-part-one-pandoras-box/
action,/film/dragon-2011/
action,/film/untitled-taika-waititi-star-wars-film/
action,/film/everly/
action,/film/the-51st-state/
action,/film/geronimo-an-american-legend/
action,/film/point-blank-2010/
action,/film/goyokin/
action,/film/lone-wolf-mcquade/
action,/film/minecraft-2025/
action,/film/starship-troopers-2-hero-of-the-federation/
action,/film/deewaar/
action,/film/smokey-and-the-bandit-ii/
action,/film/ong-bak-2/
action,/film/sanshiro-sugata-part-two/
action,/film/straight-to-hell/
action,/film/sword-art-online-the-movie-ordinal-scale/
action,/film/the-substitute/
action,/film/airport-77/
action,/film/district-13-ultimatum/
action,/film/tekken/
action,/film/air-america/
action,/film/friday-foster/
action,/film/the-drug-king/
action,/film/day-of-the-dead-bloodline/
action,/film/fate-stay-night-heavens-feel-i-presage-flower/
action,/film/getaway/
action,/film/don-2/
action,/film/malaikottai-vaaliban/
action,/film/way-out-west/
action,/film/giant-god-warrior-appears-in-tokyo/
action,/film/the-cowboys/
action,/film/day-of-the-dead-2008/
action,/film/arabesque/
action,/film/twilight-of-the-warriors-walled-in/
action,/film/miss-bala/
action,/film/diabolik/
action,/film/attack-the-gas-station/
action,/film/ice-station-zebra/
action,/film/the-pig-the-snake-and-the-pigeon/
action,/film/ultimate-avengers-the-movie/
action,/film/heneral-luna/
action,/film/illang-the-wolf-brigade/
action,/film/siege-1983/
action,/film/any-which-way-you-can/
action,/film/modesty-blaise/
action,/film/gamera-vs-barugon/
action,/film/believer-2018-1/
action,/film/fingers/
action,/film/jojos-bizarre-adventure-diamond-is-unbreakable-chapter-1/
action,/film/the-garden-of-sinners-paradox-spiral/
action,/film/merantau/
action,/film/the-adventures-of-ford-fairlane/
action,/film/detective-dee-and-the-mystery-of-the-phantom-flame/
action,/film/man-of-the-house-2005/
action,/film/ek-tha-tiger/
action,/film/gorgo/
action,/film/heist-2015/
action,/film/graveyard-of-honor-1975/
action,/film/a-dirty-carnival/
action,/film/pudhupettai/
action,/film/highway-to-hell/
action,/film/final-score-2018/
action,/film/fullmetal-alchemist-the-movie-conqueror-of-shamballa/
action,/film/the-pest/
action,/film/walking-tall/
action,/film/fanaa/
action,/film/secret-society-of-second-born-royals/
action,/film/the-man-from-hong-kong/
action,/film/one-shot-2021/
action,/film/bushwick/
action,/film/killing-season/
action,/film/the-merciless/
action,/film/murder-at-1600/
action,/film/the-sentinel-2006/
action,/film/city-slickers-ii-the-legend-of-curlys-gold/
action,/film/the-kid-2019/
action,/film/return-to-the-36th-chamber/
action,/film/la-takedown/
action,/film/three-2016/
action,/film/gonin/
action,/film/remo-williams-the-adventure-begins/
action,/film/greystoke-the-legend-of-tarzan-lord-of-the-apes/
action,/film/doctor-who-the-return-of-doctor-mysterio/
action,/film/antitrust/
action,/film/psycho-pass-the-movie/
action,/film/animal-world/
action,/film/watch-out-were-mad/
action,/film/cruel-jaws/
action,/film/sas-red-notice/
action,/film/colors-of-evil-red/
action,/film/human-lanterns/
action,/film/rigor-mortis/
action,/film/q-a/
action,/film/the-man-with-one-red-shoe/
action,/film/metro/
action,/film/defendor/
action,/film/money-trap/
action,/film/seeking-justice/
action,/film/the-heroic-trio-2-executioners/
action,/film/kubi/
action,/film/deep-blue-sea-2/
action,/film/miraculous-world-shanghai-the-legend-of-ladydragon/
action,/film/deathstalker-ii/
action,/film/macross-do-you-remember-love/
action,/film/flash-point/
action,/film/devilman-volume-2-demon-bird/
action,/film/tremors-shrieker-island/
action,/film/running-out-of-time/
action,/film/the-wild-angels/
action,/film/transformers-one/
action,/film/gamera-vs-gyaos/
action,/film/the-presidio/
action,/film/sharkys-machine/
action,/film/trollhunters-rise-of-the-titans/
action,/film/last-looks/
action,/film/battles-without-honor-and-humanity-proxy-war/
action,/film/the-bricklayer-2023/
action,/film/iron-sky-the-coming-race/
action,/film/the-big-doll-house/
action,/film/pistol-opera/
action,/film/fate-stay-night-heavens-feel-ii-lost-butterfly/
action,/film/thrashin/
action,/film/pokemon-ranger-and-the-temple-of-the-sea/
action,/film/trapped-2002/
action,/film/kolpacino/
action,/film/34-2018/
action,/film/a-better-tomorrow-iii-love-and-death-in-saigon/
action,/film/doctor-2021/
action,/film/the-getaway-1994/
action,/film/outrage-coda/
action,/film/rollercoaster/
action,/film/hunted-2020/
action,/film/gorgeous/
action,/film/tell-it-like-a-woman/
action,/film/lupin-the-third-goemons-blood-spray/
action,/film/logorama/
action,/film/enter-the-ninja/
action,/film/the-wrecking-crew/
action,/film/sleight/
action,/film/constantine-the-house-of-mystery/
action,/film/the-survivor-2021/
action,/film/fighting/
action,/film/arena/
action,/film/outcast-2014/
action,/film/the-horde/
action,/film/superfast/
action,/film/the-millionaires-express/
action,/film/the-new-centurions/
action,/film/rage-2014/
action,/film/the-assignment-2016/
action,/film/revenge-of-the-ninja/
action,/film/max-steel/
action,/film/the-man-who-saved-the-world-1982/
action,/film/gurren-lagann-the-movie-the-lights-in-the-sky-are-stars/
action,/film/billy-jack/
action,/film/black-water-abyss/
action,/film/fast-x-part-2/
action,/film/tai-chi-master/
action,/film/dragon-quest-your-story/
action,/film/alex-cross/
action,/film/the-osterman-weekend/
action,/film/king-solomons-mines-1985/
action,/film/universal-soldier-the-return/
action,/film/ninja-shadow-of-a-tear/
action,/film/deathstroke-knights-dragons-the-movie/
action,/film/django-kill-if-you-live-shoot/
action,/film/midnight-in-the-switchgrass/
action,/film/havoc-1/
action,/film/daphne-velma/
action,/film/heaven-earth/
action,/film/cosmic-sin/
action,/film/the-mysterians/
action,/film/the-toxic-avenger-part-iii-the-last-temptation-of-toxie/
action,/film/cheech-chongs-next-movie/
action,/film/the-last-days-of-american-crime/
action,/film/turbulence/
action,/film/aka-2023/
action,/film/saturday-fiction/
action,/film/city-hunter-2024/
action,/film/drop-zone/
action,/film/mobile-suit-gundam-chars-counterattack/
action,/film/next-avengers-heroes-of-tomorrow/
action,/film/space-cop/
action,/film/fate-stay-night-heavens-feel-iii-spring-song/
action,/film/tom-and-huck/
action,/film/20/
action,/film/the-punisher-dirty-laundry/
action,/film/silent-rage/
action,/film/unstoppable-2018/
action,/film/badlapur/
action,/film/airport-1975/
action,/film/the-killer-2022/
action,/film/a-hero-never-dies/
action,/film/malik-2021/
action,/film/king-of-devils-island/
action,/film/the-swordsman-2020/
action,/film/the-emerald-forest/
action,/film/man-on-the-roof/
action,/film/the-takedown/
action,/film/kung-fu-panda-secrets-of-the-furious-five/
action,/film/pokemon-mewtwo-returns/
action,/film/angamaly-diaries/
action,/film/los-bandoleros/
action,/film/intimate-confessions-of-a-chinese-courtesan/
action,/film/dragon-wars-d-war/
action,/film/cold-eyes/
action,/film/the-boss-1973/
action,/film/stray-cat-rock-delinquent-girl-boss/
action,/film/twisted-2004/
action,/film/the-debt-collector-2018/
action,/film/the-chase/
action,/film/wolf-warrior-2/
action,/film/spider-man-1978-2/
action,/film/monster-truck-mater/
action,/film/bang-bang-2014-1/
action,/film/dantes-inferno-an-animated-epic/
action,/film/robin-b-hood/
action,/film/king-kong-lives/
action,/film/3-ninjas-kick-back/
action,/film/clan-of-the-white-lotus/
action,/film/dadnapped/
action,/film/fay-grim/
action,/film/accident/
action,/film/inhumans-the-first-chapter/
action,/film/big-trouble/
action,/film/prison-break-the-final-break/
action,/film/force-of-nature/
action,/film/renaissance/
action,/film/the-mighty-peking-man/
action,/film/shinjuku-triad-society/
action,/film/the-bride-with-white-hair/
action,/film/navy-seals/
action,/film/boss-nigger/
action,/film/metro-manila/
action,/film/miami-vice-brothers-keeper/
action,/film/mighty-joe-young/
action,/film/shakedown/
action,/film/deep-fear/
action,/film/yaksha-ruthless-operations/
action,/film/santa-jaws/
action,/film/pedicab-driver/
action,/film/superman-1941/
action,/film/the-white-sun-of-the-desert/
action,/film/afro-samurai-resurrection/
action,/film/magadheera/
action,/film/azumi/
action,/film/the-turbo-charged-prelude-for-2-fast-2-furious/
action,/film/tomorrow-when-the-war-began/
action,/film/tiger-zinda-hai/
action,/film/secretly-greatly/
action,/film/gamera-vs-viras/
action,/film/cannonball-run-ii/
action,/film/the-misfits-2021/
action,/film/virumaandi/
action,/film/ballistic-ecks-vs-sever/
action,/film/the-fate-of-lee-khan/
action,/film/scanners-ii-the-new-order/
action,/film/iron-eagle/
action,/film/seoul-vibe/
action,/film/the-big-bird-cage/
action,/film/justice-league-crisis-on-infinite-earths-part-two/
action,/film/school-on-fire/
action,/film/death-machine/
action,/film/code-of-silence/
action,/film/screwed/
action,/film/debs-2003/
action,/film/sinbad-and-the-eye-of-the-tiger/
action,/film/bon-cop-bad-cop/
action,/film/death-wish-v-the-face-of-death/
action,/film/the-human-tornado/
action,/film/no-holds-barred/
action,/film/miracles-the-canton-godfather/
action,/film/winners-sinners/
action,/film/max-manus-man-of-war/
action,/film/no-tears-for-the-dead/
action,/film/action-usa/
action,/film/night-of-the-juggler/
action,/film/daryl/
action,/film/shiri/
action,/film/adagio-2023-1/
action,/film/zatoichi-and-the-chest-of-gold/
action,/film/so-close/
action,/film/zebraman/
action,/film/dragon-inn-1992/
action,/film/one-piece-clockwork-island-adventure/
action,/film/iron-mask/
action,/film/manhunt-2017/
action,/film/trigun-badlands-rumble/
action,/film/adipurush/
action,/film/the-city-of-violence/
action,/film/the-accidental-spy/
action,/film/lily-cat/
action,/film/battles-without-honor-and-humanity-final-episode/
action,/film/daicon-iv-opening-animation/
action,/film/the-tiger-2015/
action,/film/sivaji-the-boss/
action,/film/night-of-the-demons-2009/
action,/film/survivor-2015/
action,/film/highlander-the-final-dimension/
action,/film/fear-the-night/
action,/film/hunter-x-hunter-the-last-mission/
action,/film/the-white-buffalo/
action,/film/heavy-metal-2000/
action,/film/the-sound-of-fury/
action,/film/kingdom-2019/
action,/film/a-chinese-odyssey-part-two-cinderella/
action,/film/the-new-barbarians/
action,/film/the-cassandra-crossing/
action,/film/dragon-ball-curse-of-the-blood-rubies/
action,/film/appleseed-2004/
action,/film/krrish-3/
action,/film/midway/
action,/film/doctor-strange/
action,/film/violent-city-1970/
action,/film/ajab-prem-ki-ghazab-kahani/
action,/film/the-seven-deadly-sins-prisoners-of-the-sky/
action,/film/ultimate-avengers-2/
action,/film/herbie-goes-to-monte-carlo/
action,/film/geteven/
action,/film/battleground-1949/
action,/film/the-pirates-the-last-royal-treasure/
action,/film/corky-romano/
action,/film/the-man-who-feels-no-pain/
action,/film/slut-2014/
action,/film/bunraku/
action,/film/the-tournament/
action,/film/suburban-commando/
action,/film/the-incredible-hulk-1977/
action,/film/the-great-yokai-war/
action,/film/mobile-suit-gundam-hathaway/
action,/film/shark-skin-man-and-peach-hip-girl/
action,/film/tiger-on-the-beat/
action,/film/24-hours-to-live/
action,/film/shocking-dark/
action,/film/confidence/
action,/film/doctor-mordrid/
action,/film/the-man/
action,/film/big-nothing/
action,/film/soldier-blue/
action,/film/atragon/
action,/film/a-sound-of-thunder/
action,/film/the-mighty-quinn/
action,/film/smugglers-2023/
action,/film/the-blood-of-heroes/
action,/film/black-mask/
action,/film/empire-state-2013/
action,/film/marauders-2016/
action,/film/americana-2023/
action,/film/bodyguard-2011/
action,/film/in-the-line-of-duty-4/
action,/film/seobok/
action,/film/tentacles/
action,/film/kaminey/
action,/film/naruto-shippuden-the-movie-blood-prison/
action,/film/agneepath-2012/
action,/film/my-way/
action,/film/green-snake-2021/
action,/film/zatoichi-the-fugitive/
action,/film/kill-chain/
action,/film/the-last-legion/
action,/film/sister-street-fighter/
action,/film/uncharted-live-action-fan-film/
action,/film/von-ryans-express/
action,/film/man-thing/
action,/film/sorceress/
action,/film/mulan-rise-of-a-warrior/
action,/film/gintama-the-very-final/
action,/film/doctor-who-resolution/
action,/film/the-four-musketeers/
action,/film/anniyan/
action,/film/gullivers-travels/
action,/film/kinjite-forbidden-subjects/
action,/film/mortal-2020/
action,/film/far-cry/
action,/film/gamera-vs-jiger/
action,/film/raiders-of-atlantis/
action,/film/how-i-became-a-superhero/
action,/film/petta/
action,/film/the-fortress-2017/
action,/film/taxi-5/
action,/film/danger-close-the-battle-of-long-tan/
action,/film/cruel-gun-story/
action,/film/no-name-on-the-bullet/
action,/film/archenemy/
action,/film/sympathy-for-the-underdog/
action,/film/next-of-kin/
action,/film/intacto/
action,/film/killers-2014/
action,/film/garudan-2024/
action,/film/rangasthalam/
action,/film/rampant/
action,/film/in-hell/
action,/film/mr-long/
action,/film/replicant/
action,/film/undead/
action,/film/alphabet-city/
action,/film/starship-troopers-3-marauder/
action,/film/revue-starlight-the-movie/
action,/film/twelve/
action,/film/patient-zero/
action,/film/rotor/
action,/film/perriers-bounty/
action,/film/zatoichi-meets-yojimbo/
action,/film/red-scorpion/
action,/film/gurren-lagann-the-movie-childhoods-end/
action,/film/white-sands/
action,/film/space-adventure-cobra-the-movie/
action,/film/the-dogs-of-war/
action,/film/for-love-and-honour/
action,/film/she-shoots-straight/
action,/film/bhavesh-joshi-superhero/
action,/film/dragon-blade/
action,/film/uncommon-valor/
action,/film/operation-dumbo-drop/
action,/film/tears-of-the-black-tiger/
action,/film/trouble-man/
action,/film/teenage-mutant-ninja-turtles-mutant-mayhem-2/
action,/film/heat-2/
action,/film/armed-and-dangerous/
action,/film/the-eagle-shooting-heroes/
action,/film/american-ninja-2-the-confrontation/
action,/film/gamera-the-brave/
action,/film/darr/
action,/film/mad-dog-morgan/
action,/film/the-rift/
action,/film/malibu-express/
action,/film/211/
action,/film/death-race-inferno/
action,/film/iphigenia/
action,/film/naruto-the-movie-guardians-of-the-crescent-moon-kingdom/
action,/film/samurai-assassin/
action,/film/persona3-the-movie-1-spring-of-birth/
action,/film/sniper/
action,/film/down/
action,/film/hwayi-a-monster-boy/
action,/film/sentinelle/
action,/film/the-legend-of-fong-sai-yuk/
action,/film/sgt-kabukiman-nypd/
action,/film/killers-on-parade/
action,/film/raavanan/
action,/film/machine-gun-mccain/
action,/film/little-witch-academia-the-enchanted-parade/
action,/film/a-red-bear/
action,/film/double-trouble-1984/
action,/film/gator/
action,/film/running-on-karma/
action,/film/thuppakki/
action,/film/a-x-l/
action,/film/the-young-lions/
action,/film/12-mighty-orphans/
action,/film/lost/
action,/film/hercules/
action,/film/who-finds-a-friend-finds-a-treasure/
action,/film/kaala/
action,/film/kung-fu-jungle/
action,/film/pretty-guardian-sailor-moon-eternal-the-movie-part-1/
action,/film/seventh-code/
action,/film/landmine-goes-click/
action,/film/terminal-island/
action,/film/kung-fury-2/
action,/film/one-armed-boxer/
action,/film/vidocq/
action,/film/lupin-the-third-jigens-gravestone/
action,/film/contraband/
action,/film/zatoichi-on-the-road/
action,/film/blood-games/
action,/film/kopps/
action,/film/rorschach/
action,/film/superfly/
action,/film/desperate-measures/
action,/film/pokemon-the-movie-kyurem-vs-the-sword-of-justice/
action,/film/black-belt-jones/
action,/film/above-suspicion-2019/
action,/film/the-glass-shield/
action,/film/virgin-territory/
action,/film/the-last-princess-2016/
action,/film/the-raspberry-reich/
action,/film/king-of-kotha/
action,/film/asura-the-city-of-madness/
action,/film/warlock-the-armageddon/
action,/film/fire-down-below-1997/
action,/film/hellboy-animated-sword-of-storms/
action,/film/get-the-goat/
action,/film/naruto-shippuden-the-movie-the-lost-tower/
action,/film/alligator-2-the-mutation/
action,/film/megamind-the-button-of-doom/
action,/film/dabangg/
action,/film/gantz/
action,/film/the-wild-geese/
action,/film/cold-hell-2017/
action,/film/naruto-shippuden-the-movie-bonds/
action,/film/the-prodigal-son/
action,/film/armored/
action,/film/warriors-of-future/
action,/film/little-nikita/
action,/film/tracers/
action,/film/i-can-quit-whenever-i-want-2-masterclass/
action,/film/2-headed-shark-attack/
action,/film/new-kids-nitro/
action,/film/fight-zatoichi-fight/
action,/film/gamera-super-monster/
action,/film/digimon-adventure/
action,/film/a-score-to-settle/
action,/film/ride-on/
action,/film/stolz-der-nation/
action,/film/thunder-road/
adventure,/film/barbie/
